[
    {
        "pk": 1, 
        "model": "auth.user", 
        "fields": {
            "username": "sensei", 
            "first_name": "", 
            "last_name": "", 
            "is_active": true, 
            "is_superuser": true, 
            "is_staff": true, 
            "last_login": "2008-12-12 08:42:37", 
            "groups": [], 
            "user_permissions": [], 
            "password": "sha1$cc606$44dbaacb8b44cd8da066067c1d4c342c46437a48", 
            "email": "sensei@example.com", 
            "date_joined": "2008-12-12 08:42:37"
        }
    }
]
